Display Name,User ID,URL
Ржавый Мосин,TheRustyMosin:c,https://odysee.com/@TheRustyMosin:c
@TriptychGunWorks,TriptychGunWorks:3,https://odysee.com/@TriptychGunWorks:3
@voidarmory3d,voidarmory3d:1,https://odysee.com/@voidarmory3d:1
Weight Forward & Gun CAD Ideas (WF&GCI) Video Hub,WFGCIVideos:f,https://odysee.com/@WFGCIVideos:f
Weight Forward,WTF-9:1,https://odysee.com/@WTF-9:1
@SangreDeTruchas,SangreDeTruchas:1,https://odysee.com/@SangreDeTruchas:1
3d model'd funsies,Sloth2adesigns:9,https://odysee.com/@Sloth2adesigns:9
SpaceBoundTactical,spaceboundtactical:9,https://odysee.com/@spaceboundtactical:9
Stubbs Customs,Stubbs:d,https://odysee.com/@Stubbs:d
swolebro,swolebro:4,https://odysee.com/@swolebro:4
Tavelkyosoba,Tavelkyosoba:b,https://odysee.com/@Tavelkyosoba:b
The Gatalog's Collection of Accessories,TheGatalog-Accessories:e,https://odysee.com/@TheGatalog-Accessories:e
The Gatalog's Guides and Tutorials,TheGatalog-Guides_Tutorials:b,https://odysee.com/@TheGatalog-Guides_Tutorials:b
The Gatalog's Hybrid Designs,TheGatalog-HybridDesigns:0,https://odysee.com/@TheGatalog-HybridDesigns:0
The Gatalog's Printable Frames and Receivers,TheGatalog-PrintableFramesReceivers:9,https://odysee.com/@TheGatalog-PrintableFramesReceivers:9
The Gatalog's 3D Printable Magazines,TheGatalog-PrintableMagazines:6,https://odysee.com/@TheGatalog-PrintableMagazines:6
The Gatalog's Reference Models,TheGatalog-ReferenceModels:b,https://odysee.com/@TheGatalog-ReferenceModels:b
The Gatalog's DIY Suppressors,TheGatalog-Suppressors:a,https://odysee.com/@TheGatalog-Suppressors:a
The Gatalog's Technical Data Packages,TheGatalog-TechnicalDataPackages:c,https://odysee.com/@TheGatalog-TechnicalDataPackages:c
The Gatalog's Primarily Printed Designs,TheGatalog-PrimarilyPrintedDesigns:9,https://odysee.com/@TheGatalog-PrimarilyPrintedDesigns:9
@thekingisbackboys,thekingisbackboys:8,https://odysee.com/@thekingisbackboys:8
My LBRY for 3D Printed Gun Stuff,nameisnight:3,https://odysee.com/@nameisnight:3
@nate,nate:e9,https://odysee.com/@nate:e9
@NegativeION,NegativeION:1,https://odysee.com/@NegativeION:1
@NotThatTimmyHicks,NotThatTimmyHicks:a,https://odysee.com/@NotThatTimmyHicks:a
P80 Ralph,p80ralph:0,https://odysee.com/@p80ralph:0
Punkjuggle's 3D Repository.,PunkJuggle:e,https://odysee.com/@PunkJuggle:e
Push PLA's Fun Lab,Pushin_P.L.A.:0,https://odysee.com/@Pushin_P.L.A.:0
@ReigningBrass,ReigningBrass:6,https://odysee.com/@ReigningBrass:6
RK Spookware,RKSpookware:2,https://odysee.com/@RKSpookware:2
@Plasti_Pews,Plasti_Pews:6,https://odysee.com/@Plasti_Pews:6
Fluffy Unicorns,PolymerToad:1,https://odysee.com/@PolymerToad:1
Print2A - 3d printed guns,Print2A:1,https://odysee.com/@Print2A:1
PrintGunz's cozy corner,PrintGunz:e,https://odysee.com/@PrintGunz:e
Print Shoot Repeat,printshootrepeat:5,https://odysee.com/@printshootrepeat:5
Mr Snow's Files,Mr_Snow_Files:7,https://odysee.com/@Mr_Snow_Files:7
Mr Snow Makes Content,mr.snow.makes:6,https://odysee.com/@mr.snow.makes:6
@mrdurden655321,mrdurden655321:8,https://odysee.com/@mrdurden655321:8
Lord of the Pies,LibertyMinded:3,https://odysee.com/@LibertyMinded:3
MacnayArms,MacnayArms:f,https://odysee.com/@MacnayArms:f
@MaxRet,MaxRet:1,https://odysee.com/@MaxRet:1
@Methematics,Methematics:f,https://odysee.com/@Methematics:f
Middleton Made,MiddletonMade:1,https://odysee.com/@MiddletonMade:1
Ivan's CAD Streams,Ivan's_CAD_Streams:c,https://odysee.com/@Ivan's_CAD_Streams:c
IvanPrintsGuns,IvanPrintsGuns:1,https://odysee.com/@IvanPrintsGuns:1
Ka'apa the Restless,kaapa_the_restless:f,https://odysee.com/@kaapa_the_restless:f
@killo,killo:3,https://odysee.com/@killo:3
Klaviermeister,Klaviermeister:a,https://odysee.com/@Klaviermeister:a
Drunks Space,DrunkRebel:5,https://odysee.com/@DrunkRebel:5
Ebenezer Mudgett,EbenezerMudgett:9,https://odysee.com/@EbenezerMudgett:9
Edgan's remixes,Edgan_remixes:d,https://odysee.com/@Edgan_remixes:d
@FecalDisco,FecalDisco:e,https://odysee.com/@FecalDisco:e
Laffs Dynamics,FFFTech:3,https://odysee.com/@FFFTech:3
Hoffman Tactical,hoffmantactical:3,https://odysee.com/@hoffmantactical:3
@hotsauce,hotsauce:6a,https://odysee.com/@hotsauce:6a
In Minecraft,INMC:d,https://odysee.com/@INMC:d
internetpizza's gun shit warehouse,internetpizza:a,https://odysee.com/@internetpizza:a
iprintshit ,iprintshit:7,https://odysee.com/@iprintshit:7
foobadoo,foobadoo:f,https://odysee.com/@foobadoo:f
Freeman1337 guncad releases,freeman1337-GunCAD-Mirror:b,https://odysee.com/@freeman1337-GunCAD-Mirror:b
Gun Jeevus,GunJeevus:7,https://odysee.com/@GunJeevus:7
@gunsister,gunsister:1,https://odysee.com/@gunsister:1
@catboii69,catboii69:f,https://odysee.com/@catboii69:f
Chairmanwon,chairmanwon:a,https://odysee.com/@chairmanwon:a
downward spiral of humanity,CheapAsFawkArmory:6,https://odysee.com/@CheapAsFawkArmory:6
Civilized Defense - Civilians Defended,CivilizedDefense:9,https://odysee.com/@CivilizedDefense:9
@coinstar,coinstar:6,https://odysee.com/@coinstar:6
The Archive,Deterrence-Dispensed-Archive:8,https://odysee.com/@Deterrence-Dispensed-Archive:8
@Deterrence-Dispensed-Media,Deterrence-Dispensed-Media:6,https://odysee.com/@Deterrence-Dispensed-Media:6
Dianexis ,Dianexis:f,https://odysee.com/@Dianexis:f
Digital Nimbus Labs Odysee Channel,DigitalNimbusLabs:b,https://odysee.com/@DigitalNimbusLabs:b
@dootdefense,dootdefense:6,https://odysee.com/@dootdefense:6
CTRLPew,CTRLPew:1,https://odysee.com/@CTRLPew:1
@DaikonDefense,DaikonDefense:b,https://odysee.com/@DaikonDefense:b
Deterrence Dispensed Accesories,Det_disp_Accesories:3,https://odysee.com/@Det_disp_Accesories:3
Deterrence Dispensed -> Go to TheGatalog.com,Deterrence-Dispensed:2,https://odysee.com/@Deterrence-Dispensed:2
@Bigblockdoug,Bigblockdoug:e,https://odysee.com/@Bigblockdoug:e
@BIGBUTTERSCHOTCH3855,BIGBUTTERSCHOTCH3855:3,https://odysee.com/@BIGBUTTERSCHOTCH3855:3
Black Lotus Coalition,blacklotuscoalition:3,https://odysee.com/@blacklotuscoalition:3
Channel for the old stuff.,BONKPEWPEWS:8,https://odysee.com/@BONKPEWPEWS:8
Booligan Custom Gunworks,BooliganCustomGunworks:f,https://odysee.com/@BooliganCustomGunworks:f
@Br0letariat,Br0letariat:3,https://odysee.com/@Br0letariat:3
Brew Pew Pew,BrewPewPew:5,https://odysee.com/@BrewPewPew:5
LAND OF THE PRINTED,BrokenBullets:9,https://odysee.com/@BrokenBullets:9
@browner_77,browner_77:8,https://odysee.com/@browner_77:8
@c0ld_d8rk_h8nd,c0ld_d8rk_h8nd:8,https://odysee.com/@c0ld_d8rk_h8nd:8
The 3D Print General,3DPrint:1,https://odysee.com/@3DPrint:1
Gh0st,3DPrintFreedom:5,https://odysee.com/@3DPrintFreedom:5
Altivolo Engineering,AltivoloEngineering:6,https://odysee.com/@AltivoloEngineering:6
Are We Cool Yet?,AreWeCoolYet:7,https://odysee.com/@AreWeCoolYet:7
1 Pew 2 Pew,1pew2pew:f,https://odysee.com/@1pew2pew:f
3D Arms,3D_Arms:9,https://odysee.com/@3D_Arms:9
3D Freedom,3DFreedom:e,https://odysee.com/@3DFreedom:e
3DARMS - Where Freedom Can Be Created Through 3D Printing,3D_Arms:0,https://odysee.com/@3D_Arms:0
unseenkiller,unseenkiller:d,https://odysee.com/@unseenkiller:d
@08glockboy,08glockboy:8,https://odysee.com/@08glockboy:8
@123f0urfive678nine10,123f0urfive678nine10:d,https://odysee.com/@123f0urfive678nine10:d
1776 Supply Co,1776SupplyCo:0,https://odysee.com/@1776SupplyCo:0
I'm totally Yoshitomo,TotallyYoshitomo:e,https://odysee.com/@TotallyYoshitomo:e
aa13firearms,aa13firearms:b,https://odysee.com/@aa13firearms:b
@1Lowdiesel,1Lowdiesel:9,https://odysee.com/@1Lowdiesel:9
FireBirdPrints,314firebird:f,https://odysee.com/@314firebird:f
@3d-printed-accesories,3d-printed-accesories:e,https://odysee.com/@3d-printed-accesories:e
A repository for remixes and other works,3NDL355_5UMM3R45:9,https://odysee.com/@3NDL355_5UMM3R45:9
9x,9x:a,https://odysee.com/@9x:a
amatuer gunsmith,5032A:9,https://odysee.com/@5032A:9
JP.GUNCAD ,adventuresintrialanderror:4,https://odysee.com/@adventuresintrialanderror:4
1Plus2Equals3D,1Plus2Equals3D:3,https://odysee.com/@1Plus2Equals3D:3
AccessToFreedom,AccessToFreedom:6,https://odysee.com/@AccessToFreedom:6
Heywood Yabuzzoff,3dprintguns:7,https://odysee.com/@3dprintguns:7
AtomBomb347,adamh.cook0347:c,https://odysee.com/@adamh.cook0347:c
@abrenoch,abrenoch:c,https://odysee.com/@abrenoch:c
@AFriendOfLife,AFriendOfLife:f,https://odysee.com/@AFriendOfLife:f
AG Cast,AG_Cast:d,https://odysee.com/@AG_Cast:d
Albert9x19,Albert9x19:2,https://odysee.com/@Albert9x19:2
Alpha3Dp custom designs ,Alpha3Dp:7,https://odysee.com/@Alpha3Dp:7
In love with printable guns.,alex.the.great:1,https://odysee.com/@alex.the.great:1
Apparition Arms,ApparitionArms:1,https://odysee.com/@ApparitionArms:1
Anunnaki,Anunnaki:31,https://odysee.com/@Anunnaki:31
3D Printed Files for the Henry AR-7,AR-7:5,https://odysee.com/@AR-7:5
Defense Archive,Archive:ba,https://odysee.com/@Archive:ba
CSTS,arr199:d,https://odysee.com/@arr199:d
@as.morgan,as.morgan:2,https://odysee.com/@as.morgan:2
AWCY Arms,awcy_arms:a,https://odysee.com/@awcy_arms:a
@Atticus_3D_Designs,Atticus_3D_Designs:9,https://odysee.com/@Atticus_3D_Designs:9
ATF1814,ATF:b,https://odysee.com/@ATF:b
Aulkii,Aulkii:8,https://odysee.com/@Aulkii:8
Backyard Bunker's Bounty,BackyardBunker:3,https://odysee.com/@BackyardBunker:3
@ballslappa,ballslappa:6,https://odysee.com/@ballslappa:6
Yeah,Bajoink:1,https://odysee.com/@Bajoink:1
@BaconBBQBurger,BaconBBQBurger:1,https://odysee.com/@BaconBBQBurger:1
Censorship is Confiscation,bannedarchives:6,https://odysee.com/@bannedarchives:6
@Bamax,Bamax:6,https://odysee.com/@Bamax:6
Batto Is Outto!,Batto_Is_Outto!:a,https://odysee.com/@Batto_Is_Outto!:a
All the Models,azeraywing:4,https://odysee.com/@azeraywing:4
Creations from the Belly of the Beast,Belly_up_OG:c,https://odysee.com/@Belly_up_OG:c
bigfoot_goes_boom,bigfoot_goes_boom:c,https://odysee.com/@bigfoot_goes_boom:c
@BrewNinja,BrewNinja:4,https://odysee.com/@BrewNinja:4
@BluePandaPrints,BluePandaPrints:f,https://odysee.com/@BluePandaPrints:f
b-lud,BLUDZ:d,https://odysee.com/@BLUDZ:d
@CA3D2A,CA3D2A:9,https://odysee.com/@CA3D2A:9
ChadwickTheCrab,chadwickthecrab:4,https://odysee.com/@chadwickthecrab:4
Bug 23,Bug23:7,https://odysee.com/@Bug23:7
Things I've edited,Centrisian:8,https://odysee.com/@Centrisian:8
God of Butts,choscura:d,https://odysee.com/@choscura:d
Chaos Commando,Chaos_Customs:1,https://odysee.com/@Chaos_Customs:1
Spurts of Distilled Autismo Energy = Cool Stuff,ChrisLeeYe:3,https://odysee.com/@ChrisLeeYe:3
Civilized Defense - Alpha Files,CivilizedDefense_Alpha_Files:0,https://odysee.com/@CivilizedDefense_Alpha_Files:0
LADindustries,clankers101:d,https://odysee.com/@clankers101:d
@ComeAndPrintThem,ComeAndPrintThem:d,https://odysee.com/@ComeAndPrintThem:d
Cryptography & Anarchy,cryptoanarchy:2,https://odysee.com/@cryptoanarchy:2
Corgi On The Rocks Channel,CorgiOnTheRocks:d,https://odysee.com/@CorgiOnTheRocks:d
CreamyOfPantSoup,CreamOfPantSoup:0,https://odysee.com/@CreamOfPantSoup:0
Craig Carpenter II,CraigCarpenterII:6,https://odysee.com/@CraigCarpenterII:6
The Crypto Scriptorium,CryptoScriptorium:c,https://odysee.com/@CryptoScriptorium:c
Central VA Buck - Speaking Just For Me,CVABuck:3,https://odysee.com/@CVABuck:3
Fizzlez Firearms,DaFizzlez:9,https://odysee.com/@DaFizzlez:9
@DannyMeatball,DannyMeatball:b,https://odysee.com/@DannyMeatball:b
Daniktheboss,Daniktheboss:b,https://odysee.com/@Daniktheboss:b
@db-firearms,db-firearms:4,https://odysee.com/@db-firearms:4
Damascus_2a,Damascus_2a:6,https://odysee.com/@Damascus_2a:6
ArevArms,ArevArms:c,https://odysee.com/@ArevArms:c
Dinka Roubles,Dinka_Roubles:3,https://odysee.com/@Dinka_Roubles:3
@DataLove,DataLove:6,https://odysee.com/@DataLove:6
D L,djal:2,https://odysee.com/@djal:2
0101XTMD,DevMTX1010:8,https://odysee.com/@DevMTX1010:8
310_ 2A ,310_2A:d,https://odysee.com/@310_2A:d
@dogenado,dogenado:9,https://odysee.com/@dogenado:9
dracco.w.a.switch,Drakethangggg:b,https://odysee.com/@Drakethangggg:b
@DrCox,DrCox:e,https://odysee.com/@DrCox:e
@DurbanPoisonPew,DurbanPoisonPew:9,https://odysee.com/@DurbanPoisonPew:9
@DSMERDZ,DSMERDZ:0,https://odysee.com/@DSMERDZ:0
durendalresearch,durendalresearch:d,https://odysee.com/@durendalresearch:d
echoalpha,echoalpha:8,https://odysee.com/@echoalpha:8
@emiprogaming2024,emiprogaming2024:b,https://odysee.com/@emiprogaming2024:b
@Dr.Greenthumb,Dr.Greenthumb:c,https://odysee.com/@Dr.Greenthumb:c
@det_disp_media,det_disp_media:9,https://odysee.com/@det_disp_media:9
Evan Jones,Evan_Jones:b,https://odysee.com/@Evan_Jones:b
EnergyLegs's channel,EnergyLegs:4,https://odysee.com/@EnergyLegs:4
Family Joules,Family_Joules:6,https://odysee.com/@Family_Joules:6
FlattGat,FlattGat:c,https://odysee.com/@FlattGat:c
@FGCKits,FGCKits:2,https://odysee.com/@FGCKits:2
Jordan Miller,Extruder3D:6,https://odysee.com/@Extruder3D:6
FIETHS,FIETHS:6,https://odysee.com/@FIETHS:6
@FMGC.project,FMGC.project:a,https://odysee.com/@FMGC.project:a
Florida Man Prints ,FloridaManPrints:5,https://odysee.com/@FloridaManPrints:5
@FirearmFileRemixes,FirearmFileRemixes:8,https://odysee.com/@FirearmFileRemixes:8
Floridian_gatz,Floridian_Gatz:3,https://odysee.com/@Floridian_Gatz:3
@frankenmint,frankenmint:e,https://odysee.com/@frankenmint:e
@freemanamiru,freemanamiru:b,https://odysee.com/@freemanamiru:b
Gatcat designs,Gatcat:b,https://odysee.com/@Gatcat:b
Live Free or die.,freeordiebr:a,https://odysee.com/@freeordiebr:a
@Freedom707,Freedom707:a,https://odysee.com/@Freedom707:a
Fry tech research and development ,Frytech:6,https://odysee.com/@Frytech:6
@GeraldKatz,GeraldKatz:6,https://odysee.com/@GeraldKatz:6
@Ghosty_Da_Prntd_Gat,Ghosty_Da_Prntd_Gat:8,https://odysee.com/@Ghosty_Da_Prntd_Gat:8
a collection of thangs that go pew,ghost.pew:6,https://odysee.com/@ghost.pew:6
Here's stuff and things ,gingerdumplingsuploads:d,https://odysee.com/@gingerdumplingsuploads:d
gopr,gopr:e,https://odysee.com/@gopr:e
graywilde,gravywilde:e,https://odysee.com/@gravywilde:e
Improvised Arms for All!,GuS:ff0,https://odysee.com/@GuS:ff0
GCI,Gun_Cad_Ideas:e,https://odysee.com/@Gun_Cad_Ideas:e
Captain Murika's Gun Info Page,GunThingsFolders:9,https://odysee.com/@GunThingsFolders:9
@GuyOnTheInternet,GuyOnTheInternet:5,https://odysee.com/@GuyOnTheInternet:5
General Custer,GeneralCuster:8,https://odysee.com/@GeneralCuster:8
3D Gun Cad files,GunCad:3,https://odysee.com/@GunCad:3
Pook's Stuff and Things,hcpookie:0,https://odysee.com/@hcpookie:0
Hansolo6568,Hansolo6568:2,https://odysee.com/@Hansolo6568:2
American Instrument,HauntedLiberty:9,https://odysee.com/@HauntedLiberty:9
Cool shit and things,Hellpyhelper:7,https://odysee.com/@Hellpyhelper:7
Helpful_Indication6,Helpful_Indication6:7,https://odysee.com/@Helpful_Indication6:7
@Heythere79,Heythere79:b,https://odysee.com/@Heythere79:b
HF Designs,HFDesigns:5,https://odysee.com/@HFDesigns:5
Video Posting Echo,HeywoodYaBuzzoff:c,https://odysee.com/@HeywoodYaBuzzoff:c
@highvelocityfish,highvelocityfish:f,https://odysee.com/@highvelocityfish:f
Harvey Knoll Industries,Harvey.Knoll.Industries:5,https://odysee.com/@Harvey.Knoll.Industries:5
ineedorgans,ineedorgans:e,https://odysee.com/@ineedorgans:e
@ishouldfeelbad,ishouldfeelbad:6,https://odysee.com/@ishouldfeelbad:6
@j0nny852,j0nny852:2,https://odysee.com/@j0nny852:2
"Sharing designs, art and ideas.",IsshoKaizen:c,https://odysee.com/@IsshoKaizen:c
jannycad,jannycad:9,https://odysee.com/@jannycad:9
Jim Bob 3D,JimBob:5,https://odysee.com/@JimBob:5
MadMax7774,john.hess:7,https://odysee.com/@john.hess:7
Jeffrey Mcpew,JeffreyMcpewerson:b,https://odysee.com/@JeffreyMcpewerson:b
@jmk86,jmk86:4,https://odysee.com/@jmk86:4
@jmanjones,jmanjones:8,https://odysee.com/@jmanjones:8
JoJoMasterson,JoJoMasterson:6,https://odysee.com/@JoJoMasterson:6
@JustAShibaInu,JustAShibaInu:2,https://odysee.com/@JustAShibaInu:2
@JustBigGunz,JustBigGunz:2,https://odysee.com/@JustBigGunz:2
Kekistani Armorer,kekistani_armorer:2,https://odysee.com/@kekistani_armorer:2
JM3Dworx,jwworx:a,https://odysee.com/@jwworx:a
@ken_666,ken_666:b,https://odysee.com/@ken_666:b
Kickster,Kickster:5,https://odysee.com/@Kickster:5
@leadmuffins,leadmuffins:8,https://odysee.com/@leadmuffins:8
Kyle Prints Pews,kyleprintspews:6,https://odysee.com/@kyleprintspews:6
KM3D - KM3 Solutions Printable Pews,KM3D:e,https://odysee.com/@KM3D:e
Leon,LeontheBerger:8,https://odysee.com/@LeontheBerger:8
@likestoshootstuff,likestoshootstuff:6,https://odysee.com/@likestoshootstuff:6
little brother is watching you too,littlebroiswatchingu2:4,https://odysee.com/@littlebroiswatchingu2:4
@M0ng00s3,M0ng00s3:a,https://odysee.com/@M0ng00s3:a
MagzOzone,Magz:f,https://odysee.com/@Magz:f
Macddesign review  make fun,Macddesign:7,https://odysee.com/@Macddesign:7
@MaineMike,MaineMike:5,https://odysee.com/@MaineMike:5
Welcome to my video library (backup),Manual_reader_.exe:e,https://odysee.com/@Manual_reader_.exe:e
FJB,Makingguns:7,https://odysee.com/@Makingguns:7
Stuff I Done Did,Maverick0197:1,https://odysee.com/@Maverick0197:1
Demontools,matteus963:b,https://odysee.com/@matteus963:b
@meatportal,meatportal:1,https://odysee.com/@meatportal:1
morb,morb:e,https://odysee.com/@morb:e
@MrJMeZZ,MrJMeZZ:6,https://odysee.com/@MrJMeZZ:6
@MrCad,MrCad:0,https://odysee.com/@MrCad:0
@Mr.Prezident_Printz,Mr.Prezident_Printz:0,https://odysee.com/@Mr.Prezident_Printz:0
3d printing custom guns,MrChonkers:8,https://odysee.com/@MrChonkers:8
@muhgroinisfelt,muhgroinisfelt:9,https://odysee.com/@muhgroinisfelt:9
My file collection,my3D2Afilecollection:9,https://odysee.com/@my3D2Afilecollection:9
nguyenkvvn's CAD Seconds and Experimentals,nguyenkvvn_experimentals:2,https://odysee.com/@nguyenkvvn_experimentals:2
Various fun things,muttstang:d,https://odysee.com/@muttstang:d
No Censorship,NoCensorship:f,https://odysee.com/@NoCensorship:f
Not AG,NotAG:c,https://odysee.com/@NotAG:c
Invader Zip - Home Of The ARK,InvaderZip_:f,https://odysee.com/@InvaderZip_:f
Guns.4.U Files,Guns4U_Files:2,https://odysee.com/@Guns4U_Files:2
HulkHoganHH,HulkHoganHH:f,https://odysee.com/@HulkHoganHH:f
One Dollar Prints,ODPrints:b,https://odysee.com/@ODPrints:b
okijohnr,okijohnr:9,https://odysee.com/@okijohnr:9
Jade Dragon Industries,JadeDragonIndustries:f,https://odysee.com/@JadeDragonIndustries:f
optimal_fail,optimal_fail:9,https://odysee.com/@optimal_fail:9
It's fucking art.,ORIONDEFENSEGRP:4,https://odysee.com/@ORIONDEFENSEGRP:4
Oregon Wigger,OW:c,https://odysee.com/@OW:c
Ban this fed boy ,Jorgie:a,https://odysee.com/@Jorgie:a
@Nopel,Nopel:6,https://odysee.com/@Nopel:6
@ImYourFuckleberry,ImYourFuckleberry:e,https://odysee.com/@ImYourFuckleberry:e
@p38bryan,p38bryan:9,https://odysee.com/@p38bryan:9
@MandSLLC,MandSLLC:4,https://odysee.com/@MandSLLC:4
@MajorLeaguePrints,MajorLeaguePrints:4,https://odysee.com/@MajorLeaguePrints:4
The Liberty Lover,LibertyLover:7,https://odysee.com/@LibertyLover:7
@osrsfluhkunkos,osrsfluhkunkos:c,https://odysee.com/@osrsfluhkunkos:c
@GoonGunDesigns,GoonGunDesigns:c,https://odysee.com/@GoonGunDesigns:c
@KrrawnsCustoms,KrrawnsCustoms:6,https://odysee.com/@KrrawnsCustoms:6
FR0Z3N L1QU1DZ,FR0Z3NL1QU1DZ:9,https://odysee.com/@FR0Z3NL1QU1DZ:9
@PhantomINC,PhantomINC:5,https://odysee.com/@PhantomINC:5
Just some fun stuff ,Jefferz:4,https://odysee.com/@Jefferz:4
Hill defense ,mbggledy:f,https://odysee.com/@mbggledy:f
@ObscureMammal,ObscureMammal:4,https://odysee.com/@ObscureMammal:4
 2015 Fosscad,LiberatorV1.1:e,https://odysee.com/@LiberatorV1.1:e
Nimrod,Nimrod:5,https://odysee.com/@Nimrod:5
@Phomex0702,Phomex0702:f,https://odysee.com/@Phomex0702:f
@PhotonPrintsGuns,PhotonPrintsGuns:9,https://odysee.com/@PhotonPrintsGuns:9
@PemexRepository,PemexRepository:c,https://odysee.com/@PemexRepository:c
Ocean Juice Designs,OceanJuice:5,https://odysee.com/@OceanJuice:5
Ogrelorde,Ogrelorde:e,https://odysee.com/@Ogrelorde:e
@pealerjoe,pealerjoe:a,https://odysee.com/@pealerjoe:a
"Home of the 3d printed UMP, UMforthePoors",Mprtech2:e,https://odysee.com/@Mprtech2:e
plastic blasters,PlasticBlasters:6,https://odysee.com/@PlasticBlasters:6
Vinh Nguyen,nguyenkvvn:a,https://odysee.com/@nguyenkvvn:a
Pimp Hand Strong,PimpCoat:d,https://odysee.com/@PimpCoat:d
@poolboy,poolboy:8,https://odysee.com/@poolboy:8
Plaboi's projects,Plaboi:2,https://odysee.com/@Plaboi:2
@PlasticIsFantastic,PlasticIsFantastic:c,https://odysee.com/@PlasticIsFantastic:c
Designs for 3D printing and the 3D2A community,PoseidonDesigns:2,https://odysee.com/@PoseidonDesigns:2
Prints.and.the.Revolution,Prints.and.the.Revolution:c,https://odysee.com/@Prints.and.the.Revolution:c
PrintYour2A,PrintYour2A:4,https://odysee.com/@PrintYour2A:4
Space Dog Industries,ProSpaceDog:b,https://odysee.com/@ProSpaceDog:b
Raise Your Own,RaiseUrOwn:0,https://odysee.com/@RaiseUrOwn:0
Ice Scream Man,IceScreamMan:0,https://odysee.com/@IceScreamMan:0
Rad Bison,RadBison:7,https://odysee.com/@RadBison:7
Pilot Hobbies,pilotgeek45:8,https://odysee.com/@pilotgeek45:8
@Rawrbeastgrr,Rawrbeastgrr:d,https://odysee.com/@Rawrbeastgrr:d
random cad,randomknave:b,https://odysee.com/@randomknave:b
DetoxThePirate,rcromin:c,https://odysee.com/@rcromin:c
ReardenSteel451 Designs and Remixes,ReardenSteel451:3,https://odysee.com/@ReardenSteel451:3
Reason Armory,Reason:2a,https://odysee.com/@Reason:2a
@glitch482000,glitch482000:6,https://odysee.com/@glitch482000:6
Reese_000,Reese_000:5,https://odysee.com/@Reese_000:5
RifleConnection 3D Firearm CAD Models & Blueprints!,RifleConnectionDotCom:3,https://odysee.com/@RifleConnectionDotCom:3
Orion455,orion455:1,https://odysee.com/@orion455:1
@RiptideRails,RiptideRails:f,https://odysee.com/@RiptideRails:f
@Prometheuzzzzzz,Prometheuzzzzzz:e,https://odysee.com/@Prometheuzzzzzz:e
Print3Dsignal,Print3Dsignal:e,https://odysee.com/@Print3Dsignal:e
Obscurus Firearms,ObscurusFirearms:3,https://odysee.com/@ObscurusFirearms:3
Philz Phree Phyrearms Phoundation,philphisher:0,https://odysee.com/@philphisher:0
3D 2A,Richard_Nixon:a,https://odysee.com/@Richard_Nixon:a
RK's Downloadables,RKS_Files:f,https://odysee.com/@RKS_Files:f
Ruby Grace Builds,RubyGraceBuilds:f,https://odysee.com/@RubyGraceBuilds:f
3d 2a and the like,RsenalCustoms:4,https://odysee.com/@RsenalCustoms:4
@Rolls17,Rolls17:e,https://odysee.com/@Rolls17:e
Runtalones,Runtalones:b,https://odysee.com/@Runtalones:b
@rootytootyprintandshooty,rootytootyprintandshooty:d,https://odysee.com/@rootytootyprintandshooty:d
Pocket Sand Tactical,RustyShackleford777:7,https://odysee.com/@RustyShackleford777:7
@scroopynoopers,scroopynoopers:e,https://odysee.com/@scroopynoopers:e
@SaracenDynamics,SaracenDynamics:2,https://odysee.com/@SaracenDynamics:2
Dog of Science!,ScienceDog:a,https://odysee.com/@ScienceDog:a
Short-Stroke,shortstroke:a,https://odysee.com/@shortstroke:a
@SadgeStamped,SadgeStamped:a,https://odysee.com/@SadgeStamped:a
@shadowhunter55,shadowhunter55:7,https://odysee.com/@shadowhunter55:7
@SeanG,SeanG:f,https://odysee.com/@SeanG:f
makarovshooter9x18,makarovshooter9x18:1,https://odysee.com/@makarovshooter9x18:1
Sofareader,sofareader:9,https://odysee.com/@sofareader:9
@Skimaskselc,Skimaskselc:b,https://odysee.com/@Skimaskselc:b
Can't Stop Won't Stop,signal.not.stopping:0,https://odysee.com/@signal.not.stopping:0
Slimjim240B,Slimjim2:a,https://odysee.com/@Slimjim2:a
SpiltBeanz,SpiltBeanz:a,https://odysee.com/@SpiltBeanz:a
spinn360,spinn360:a,https://odysee.com/@spinn360:a
@SpookieBoogie,SpookieBoogie:8,https://odysee.com/@SpookieBoogie:8
@Scsm,Scsm:b,https://odysee.com/@Scsm:b
Spookyserb421,spookyserb421:f,https://odysee.com/@spookyserb421:f
DIY firearms for not-so-free world,Shit_On_Wheels:c,https://odysee.com/@Shit_On_Wheels:c
@StKV,StKV:2,https://odysee.com/@StKV:2
Sterling Arms,SterlingArms:0,https://odysee.com/@SterlingArms:0
StinkFoot,Stinkfoot:0,https://odysee.com/@Stinkfoot:0
Studio44,studio44:a,https://odysee.com/@studio44:a
Only Shells Remain,Suburban:1,https://odysee.com/@Suburban:1
Sum One,SumOne:5,https://odysee.com/@SumOne:5
Suckboy Tony,SuckboyTony:2,https://odysee.com/@SuckboyTony:2
@Swampdonkey,Swampdonkey:2,https://odysee.com/@Swampdonkey:2
empty for now...,T-Huss:6,https://odysee.com/@T-Huss:6
TECH GUNZ,TechGunz:2,https://odysee.com/@TechGunz:2
SwagCapBlue69,SwagCapBlue69:4,https://odysee.com/@SwagCapBlue69:4
Test Channel 9192022,test-channel-9192022:b,https://odysee.com/@test-channel-9192022:b
ThatMint240,thatmint240:4,https://odysee.com/@thatmint240:4
Building the stuff ,The_Snark:3,https://odysee.com/@The_Snark:3
Anthony Weidner,theGreatBackyards:5,https://odysee.com/@theGreatBackyards:5
TheKittedScav's Stash,TheKittedScav:d,https://odysee.com/@TheKittedScav:d
The Drain,TheDrain:f,https://odysee.com/@TheDrain:f
TheMegaGunArk,TheMegaGunArk:9,https://odysee.com/@TheMegaGunArk:9
@theOtherSig,theOtherSig:a,https://odysee.com/@theOtherSig:a
ToolOrDie,ToolOrDie:e,https://odysee.com/@ToolOrDie:e
@TheLubeMaster,TheLubeMaster:a,https://odysee.com/@TheLubeMaster:a
@tinkerhackerfarmerspy,tinkerhackerfarmerspy:7,https://odysee.com/@tinkerhackerfarmerspy:7
trophytroutguns,trophytroutguns:d,https://odysee.com/@trophytroutguns:d
@TrOgDoR5813,TrOgDoR5813:1,https://odysee.com/@TrOgDoR5813:1
Tugger 82,Tugger82:6,https://odysee.com/@Tugger82:6
TumbleDryOnLowHeat,tumbledryonlowheat:4,https://odysee.com/@tumbledryonlowheat:4
@TyrannicalTy,TyrannicalTy:3,https://odysee.com/@TyrannicalTy:3
Unhappyarms 2A designs,unhappyarms:c,https://odysee.com/@unhappyarms:c
UberPoor,UberPoor:9,https://odysee.com/@UberPoor:9
@Turkey,Turkey:d,https://odysee.com/@Turkey:d
@Trentbad,Trentbad:b,https://odysee.com/@Trentbad:b
3D printing small arms  (Write your wishes to the chat. (u/Uravnitel)  is in  r/fosscad    in reddit),Uravnitel:4,https://odysee.com/@Uravnitel:4
@vanguardarmsllc,vanguardarmsllc:2,https://odysee.com/@vanguardarmsllc:2
wheremy4skn,wheremy4skn:b,https://odysee.com/@wheremy4skn:b
3D Printed Firearms & Firearms Accessories,VapeDaddy42O:1,https://odysee.com/@VapeDaddy42O:1
@scul,scul:2,https://odysee.com/@scul:2
3d printing 2a design,Urmoms2a:0,https://odysee.com/@Urmoms2a:0
PsychicRhino's 3d2a ,psychicrhino:b,https://odysee.com/@psychicrhino:b
Kornitsky Repeating Arms,WonderNine:0,https://odysee.com/@WonderNine:0
WTD Concepts,WTD_Concepts:b,https://odysee.com/@WTD_Concepts:b
@RICECUTTA,RICECUTTA:6,https://odysee.com/@RICECUTTA:6
Wozjak - Archive,x52c4kg9des0:b,https://odysee.com/@x52c4kg9des0:b
@UntangleWORKS,UntangleWORKS:a,https://odysee.com/@UntangleWORKS:a
Xenu Prints,Xenu:0,https://odysee.com/@Xenu:0
Remina 3D,Remina:1,https://odysee.com/@Remina:1
Ballsacks,xxppslayer:a,https://odysee.com/@xxppslayer:a
@xyzebruh,xyzebruh:c,https://odysee.com/@xyzebruh:c
Yah3D 3D Printing and More,Yah3D:5,https://odysee.com/@Yah3D:5
Young and Tactical,Young_and_Tactical:3,https://odysee.com/@Young_and_Tactical:3
@Young_and_Tactical,Young_and_Tactical:2,https://odysee.com/@Young_and_Tactical:2
cool stuff,YoungHk:7,https://odysee.com/@YoungHk:7
ysidromac,ysidromac:4,https://odysee.com/@ysidromac:4
Zed Hunter 666,ZedHunter666:5,https://odysee.com/@ZedHunter666:5
ZMB,ZMB:a,https://odysee.com/@ZMB:a
Cool stuff,YoungHK:0,https://odysee.com/@YoungHK:0
The LØØP ,zoopyloops:5,https://odysee.com/@zoopyloops:5
@TechnicalDataPacks,TechnicalDataPacks:f,https://odysee.com/@TechnicalDataPacks:f
The builder's ark,Thebuilder:b,https://odysee.com/@Thebuilder:b
YZYPrints' Forbidden Knowledge Emporium,xYeezySZN:f,https://odysee.com/@xYeezySZN:f
zucc_this,zucc_this:4,https://odysee.com/@zucc_this:4
zer0fux downloads,zer0fux:c,https://odysee.com/@zer0fux:c
PapaBear,PapaBear:a,https://odysee.com/@PapaBear:a
Scorn Armory,Scorn_Armory:0,https://odysee.com/@Scorn_Armory:0
FuckTheATF,FTATF:0,https://odysee.com/@FTATF:0
@nextlvlroy,nextlvlroy:5,https://odysee.com/@nextlvlroy:5
ErrngeElise,errngeelise:c,https://odysee.com/@errngeelise:c
Beter_Biffin,Beter_Biffin:a,https://odysee.com/@Beter_Biffin:a
StolenboiStudios,StolenboiStudios:8,https://odysee.com/@StolenboiStudios:8
Undead-Tech,UndeadTech:9,https://odysee.com/@UndeadTech:9
MisfitToy ,MisfitToy:5,https://odysee.com/@MisfitToy:5
Swiggity SwagDad's content,SwagDad:2,https://odysee.com/@SwagDad:2
@abite,abite:3,https://odysee.com/@abite:3
2A Ender guy,2A-Enderguy:6,https://odysee.com/@2A-Enderguy:6
@PlumIndian,PlumIndian:d,https://odysee.com/@PlumIndian:d
Simple remixes of 3D2A frames,SimpleStipple:b,https://odysee.com/@SimpleStipple:b
@3dMario,Mario88:2,https://odysee.com/@Mario88:2
zackgerber,zackgerber:b,https://odysee.com/@zackgerber:b
flaccidfish,earlymorninglizard:e,https://odysee.com/@earlymorninglizard:e
@Anvil_Aero,Anvil_Aero:f,https://odysee.com/@Anvil_Aero:f
FattyCumLoads,FattyCumLoads:5,https://odysee.com/@FattyCumLoads:5
R&A,TrueGunNut:8,https://odysee.com/@TrueGunNut:8
Welcome! I just want to share a lot of my ideas and hope you enjoy them. Thank you!,TheArmourer:0,https://odysee.com/@TheArmourer:0
@Funky_Fetus_Fabrications,Funky_Fetus_Fabrications:0,https://odysee.com/@Funky_Fetus_Fabrications:0
Stuff I do ,stuffido:6,https://odysee.com/@stuffido:6
The_Random_Taco,TheRandomTaco:f,https://odysee.com/@TheRandomTaco:f
Roland Deschain,RolandDeschain:f,https://odysee.com/@RolandDeschain:f
Spagger,Spagger:d,https://odysee.com/@Spagger:d
EQUIPING THE POPULATION ,ETP666:0,https://odysee.com/@ETP666:0
0pF0rArmory,0pf0rarmory:8,https://odysee.com/@0pf0rarmory:8
Spicy ammo,BangUwu:c,https://odysee.com/@BangUwu:c
DopeSmokez420's Channel,DopeSmokez420:d,https://odysee.com/@DopeSmokez420:d
Crawdad,Crawdaddy308:b,https://odysee.com/@Crawdaddy308:b
@Creative-Extension11,Creative-Extension11:1,https://odysee.com/@Creative-Extension11:1
4x0nn,4x0nn:5,https://odysee.com/@4x0nn:5
boo-pew,boo-pew:6,https://odysee.com/@boo-pew:6
Marksman_Dilbert,Clarkdl19:e,https://odysee.com/@Clarkdl19:e
Tactically Broke,tacticallybroke:a,https://odysee.com/@tacticallybroke:a
hackawayjr,hackawayjr:7,https://odysee.com/@hackawayjr:7
A place of quiet peace under liberty,Libertate_Quietem:5,https://odysee.com/@Libertate_Quietem:5
Red Development,RedDevelopment:3,https://odysee.com/@RedDevelopment:3
DirtEater,DirtEater:3,https://odysee.com/@DirtEater:3
SALTYBUTTERSCOTCH556,BigButterscotch3855:f,https://odysee.com/@BigButterscotch3855:f
QwermMakes,Qwerm:6,https://odysee.com/@Qwerm:6
Black Cat Aircraft & Manufacturing,BCAM:4,https://odysee.com/@BCAM:4
@NostraVoluntasUnita,NostraVoluntasUnita:c,https://odysee.com/@NostraVoluntasUnita:c
@OrigiNALLDesigns,OrigiNALLDesigns:8,https://odysee.com/@OrigiNALLDesigns:8
BurntDog's Dog House,BurntDog:9,https://odysee.com/@BurntDog:9
Cantonia Customs,CantoniaCustoms:5,https://odysee.com/@CantoniaCustoms:5
Broomstik,broomstik:b,https://odysee.com/@broomstik:b
luke22:36,plastic_swords:e,https://odysee.com/@plastic_swords:e
@eZaF,eZaF:0,https://odysee.com/@eZaF:0
@S3igu2,S3igu2:c,https://odysee.com/@S3igu2:c
Brown's Brush,BrownsBrush:a,https://odysee.com/@BrownsBrush:a
Husqofaman,Husqofaman:0,https://odysee.com/@Husqofaman:0
Mechanicus Engineering,MechanicusEngineering:7,https://odysee.com/@MechanicusEngineering:7
@FossWerks,FossWerks:5,https://odysee.com/@FossWerks:5
Colection 26M de HDP,Colectivo_26M:8,https://odysee.com/@Colectivo_26M:8
u/Sourtangie06,Sourtangie05:2,https://odysee.com/@Sourtangie05:2
@SortaEngineered,SortaEngineered:e,https://odysee.com/@SortaEngineered:e
oooshitonthefloorooo,oooshitonthefloorooo:7,https://odysee.com/@oooshitonthefloorooo:7
@opensourcekits,opensourcekits:1,https://odysee.com/@opensourcekits:1
@Safequeens,Safequeens:8,https://odysee.com/@Safequeens:8
A1Lynx,A1Lynx:a,https://odysee.com/@A1Lynx:a
3DArmalite Proffesor ,NyN:b,https://odysee.com/@NyN:b
A30B,Azov_Battalion:f,https://odysee.com/@Azov_Battalion:f
3D Models Of Uncomprehensible  Objects,WickedMainah:2,https://odysee.com/@WickedMainah:2
anonymous052185,anonymous052185:e,https://odysee.com/@anonymous052185:e
@ArmThyRightHand,ArmThyRightHand:a,https://odysee.com/@ArmThyRightHand:a
Back Ally Print Market,Back_Ally_Printers:c,https://odysee.com/@Back_Ally_Printers:c
Booligan Shooting Sports,BooliganShootingSportsBackup:7,https://odysee.com/@BooliganShootingSportsBackup:7
BlackRibbon RnD Department,BlackRibbon-RnD-Department:c,https://odysee.com/@BlackRibbon-RnD-Department:c
Blinsky's Toys,blinksystoys:b,https://odysee.com/@blinksystoys:b
Booze and Bullets,BoozeandBullets:c,https://odysee.com/@BoozeandBullets:c
Braenwurks,Braen:3,https://odysee.com/@Braen:3
CappinDeez,CappinDeez:5,https://odysee.com/@CappinDeez:5
CantStopWontStop,CantStopWontStop:c,https://odysee.com/@CantStopWontStop:c
Cathode's Digital Den,Cathode_G:5,https://odysee.com/@Cathode_G:5
Ched.Wards Prints,Ched.Wards:7,https://odysee.com/@Ched.Wards:7
CombatTech,CombatTech:7,https://odysee.com/@CombatTech:7
@cptpackrat45,cptpackrat45:7,https://odysee.com/@cptpackrat45:7
CheeseLord90,CheeseLord90:6,https://odysee.com/@CheeseLord90:6
DatTonny,DatTonny:9,https://odysee.com/@DatTonny:9
Debo,Ofkitsdebo:d,https://odysee.com/@Ofkitsdebo:d
DC Creations ,DCCreations:4,https://odysee.com/@DCCreations:4
Decay Labs,decaylabs:2,https://odysee.com/@decaylabs:2
@DikzOut4Harambe,DikzOut4Harambe:0,https://odysee.com/@DikzOut4Harambe:0
DIY Gun Stuff,TradeU4Whopper:5,https://odysee.com/@TradeU4Whopper:5
Dryfiredude,Dryfiredude:4,https://odysee.com/@Dryfiredude:4
dogelog,dogelog:0,https://odysee.com/@dogelog:0
EHZ,Erratic:7,https://odysee.com/@Erratic:7
@FckItILLPrintItMySelf,FckItILLPrintItMySelf:d,https://odysee.com/@FckItILLPrintItMySelf:d
@ForBel,ForBel:f,https://odysee.com/@ForBel:f
@ewalks-prints,ewalks-prints:0,https://odysee.com/@ewalks-prints:0
@freeordie,freeordie:2,https://odysee.com/@freeordie:2
GCBrisk,GCBrisk:9,https://odysee.com/@GCBrisk:9
Fwankenstein,Fwankenstein:2,https://odysee.com/@Fwankenstein:2
GET SOME ! ,Gcode_JD:f,https://odysee.com/@Gcode_JD:f
@glowinowen,glowinowen:9,https://odysee.com/@glowinowen:9
@GreenLeafSkippyGuy,GreenLeafSkippyGuy:2,https://odysee.com/@GreenLeafSkippyGuy:2
Helping people with obscure 3d models,Akame_potatoes:0,https://odysee.com/@Akame_potatoes:0
GhostPrints80’s,Ghost_Prints80s:4,https://odysee.com/@Ghost_Prints80s:4
I make random custom parts. Let me know if you have a cool idea.,Custom_Parts_Guy:b,https://odysee.com/@Custom_Parts_Guy:b
guttercheese,guttercheese:d,https://odysee.com/@guttercheese:d
I3D2A/965,i3d2a-965:a,https://odysee.com/@i3d2a-965:a
Invzi,Invzi:9,https://odysee.com/@Invzi:9
Isogrid,isogrid:3,https://odysee.com/@isogrid:3
Jeff Rodriguez,Liberator12k:f,https://odysee.com/@Liberator12k:f
@ItsChap,ItsChap:b,https://odysee.com/@ItsChap:b
@kaewon,kaewon:9,https://odysee.com/@kaewon:9
@jerry,jerry:ca6,https://odysee.com/@jerry:ca6
@Bikelower,Bikelower:1,https://odysee.com/@Bikelower:1
jman117,jgold117:b,https://odysee.com/@jgold117:b
Laffs Dynamics: Magazines,LFM:f,https://odysee.com/@LFM:f
Jim AFCarbon,Jimafcarbon4433:7,https://odysee.com/@Jimafcarbon4433:7
@Kristall_Wang,Kristall_Wang:9,https://odysee.com/@Kristall_Wang:9
Laffs Dynamics: Receivers & Frames,LFRF:d,https://odysee.com/@LFRF:d
@lakeleo,lakeleo:2,https://odysee.com/@lakeleo:2
@Let_me_print,Let_me_print:6,https://odysee.com/@Let_me_print:6
m1industriesllc,m1industries:f,https://odysee.com/@m1industries:f
@leavemealoneglowboi,leavemealoneglowboi:4,https://odysee.com/@leavemealoneglowboi:4
Luke Warm Designs,LukeWarm:e,https://odysee.com/@LukeWarm:e
@LobsterBush,LobsterBush:a,https://odysee.com/@LobsterBush:a
meatbanana42069,meatbanana42069:5,https://odysee.com/@meatbanana42069:5
MGB Videos and 3D print Files for all Patriots brought to you from Patriot Gun Builders,MGB4PGB:6,https://odysee.com/@MGB4PGB:6
M70AB1,M70AB1:b,https://odysee.com/@M70AB1:b
MeltedLegosChannel,Melted_Legos:a,https://odysee.com/@Melted_Legos:a
More Than F'd Up,More_Than_Fd_Up:3,https://odysee.com/@More_Than_Fd_Up:3
Neutron_Nick,NeutronNick:3,https://odysee.com/@NeutronNick:3
@Nester,Nester:2,https://odysee.com/@Nester:2
NLX_16,nlx16:4,https://odysee.com/@nlx16:4
No Step Snek,darksim_009:f,https://odysee.com/@darksim_009:f
NobodyInParticular,NobodyInParticular:1,https://odysee.com/@NobodyInParticular:1
Omega115,Omega115:a,https://odysee.com/@Omega115:a
"Not gonna lie, its all guns.",Crow-Wolf:3,https://odysee.com/@Crow-Wolf:3
Nylaug : The 3D Printed AUG - GunCAD Evolved,Nylaug:9,https://odysee.com/@Nylaug:9
OnionInACage,OnionInACage:6,https://odysee.com/@OnionInACage:6
@P4R4D0C5,P4R4D0C5:3,https://odysee.com/@P4R4D0C5:3
Out of Battery Live,outofbattery:5,https://odysee.com/@outofbattery:5
@ON3251CC,ON3251CC:5,https://odysee.com/@ON3251CC:5
nukeduster,nukeduster:4,https://odysee.com/@nukeduster:4
@plasticgat,plasticgat:c,https://odysee.com/@plasticgat:c
Printsguns,TheDude:e5,https://odysee.com/@TheDude:e5
PrintYour2A,PrintYour2A:3,https://odysee.com/@PrintYour2A:3
Queer Armorer,QueerArmorer:d,https://odysee.com/@QueerArmorer:d
Proto Prints Pews,ProtoPrintsPews:c,https://odysee.com/@ProtoPrintsPews:c
@Rx7Creations,Rx7Creations:f,https://odysee.com/@Rx7Creations:f
Scout339,Scout339:8,https://odysee.com/@Scout339:8
RC Parts,RustyChungus:3,https://odysee.com/@RustyChungus:3
Salt,Melonoscopy:d,https://odysee.com/@Melonoscopy:d
@Sad_Salamander_8426,Sad_Salamander_8426:1,https://odysee.com/@Sad_Salamander_8426:1
sillacsaurfang,sillacsaurfang:c,https://odysee.com/@sillacsaurfang:c
@signalstronger,signalstronger:1,https://odysee.com/@signalstronger:1
SonOfMurray,sonofmurray.makes:b,https://odysee.com/@sonofmurray.makes:b
Some things ,thewaterboy:e,https://odysee.com/@thewaterboy:e
Spear Tec,mr_doctor_sir:d,https://odysee.com/@mr_doctor_sir:d
Standard-Royal-319,Standard-Royal-319:5,https://odysee.com/@Standard-Royal-319:5
@SpiderBrains,SpiderBrains:1,https://odysee.com/@SpiderBrains:1
steuben,armoredsteuben:c,https://odysee.com/@armoredsteuben:c
Small Team Supply,SmallTeamSupply:6,https://odysee.com/@SmallTeamSupply:6
SwarmTech Design,SwarmTechDesign:b,https://odysee.com/@SwarmTechDesign:b
stillcold,stillcold:a,https://odysee.com/@stillcold:a
StolenBoi Studios,StolenBoiStudio:f,https://odysee.com/@StolenBoiStudio:f
StoneKnight,StoneKnight:0,https://odysee.com/@StoneKnight:0
@PlasticFantastics,PlasticFantastics:8,https://odysee.com/@PlasticFantastics:8
The Don Of Time,TheDonOfTime:5,https://odysee.com/@TheDonOfTime:5
@TbirdMan,TbirdMan:7,https://odysee.com/@TbirdMan:7
Trollwerks,Trollwerks:b,https://odysee.com/@Trollwerks:b
THE DONBOT,ABEIER277:6,https://odysee.com/@ABEIER277:6
@ToxicXzombieG,ToxicXzombieG:3,https://odysee.com/@ToxicXzombieG:3
@TuNeCedeMalis,TuNeCedeMalis:b,https://odysee.com/@TuNeCedeMalis:b
Vulture Cult,SirWtff:1,https://odysee.com/@SirWtff:1
TooAceForThisShit,tooaceforthisshit:2,https://odysee.com/@tooaceforthisshit:2
Very basic. mid even,stick_mag:8,https://odysee.com/@stick_mag:8
@WorldOfGuns-Archive,WorldOfGuns-Archive:3,https://odysee.com/@WorldOfGuns-Archive:3
Wild Arms Research and Development,elwildo14:1,https://odysee.com/@elwildo14:1
where STLs come to life ,gftg_files:6,https://odysee.com/@gftg_files:6
@xero,xero:bb,https://odysee.com/@xero:bb
YÖHÖ NOUSEE,yoho_3D_industries:1,https://odysee.com/@yoho_3D_industries:1
YoungBreezy,MMOOBB:7,https://odysee.com/@MMOOBB:7
LoPoint Goat,lopointgoat:1,https://odysee.com/@lopointgoat:1
@DrSkeletonsCelebrityToilet,DrSkeletonsCelebrityToilet:1,https://odysee.com/@DrSkeletonsCelebrityToilet:1
pembie000industries,pembie000industries:1,https://odysee.com/@pembie000industries:1
